"ID","Vorname","Nachname","Wunsch","eingang"
190,"Belle","Musil","Stifte",2020-11-20
51,"Harvey","Doria","Schokolade",2020-11-30
33,"Frederick","Coop","Dinosaurier",2020-11-08
162,"Nancy","Kascak","Stifte",2020-11-24
125,"Gertrude","Walker","Haustier",2020-11-01
195,"Olive","Green","Puppe",2020-11-27
191,"Charlotte","el-Salek","Haustier",2020-11-14
185,"Eliza","Nusbaum","Geschwisterchen",2020-11-21
172,"Etta","al-Nazar","Haustier",2020-11-01
110,"Sarah","Wilson","Auto",2020-11-27
176,"Katie","Roberts","Kuscheltier",2020-11-17
95,"Ray","al-Habibi","Buch",2020-11-22
149,"Fannie","Ali","Buch",2020-11-14
10,"Robert","Karraker","Geschwisterchen",2020-11-19
168,"Flora","Nguyen","Haustier",2020-11-07
27,"Will","Thompson","Haustier",2020-11-29
98,"Dan","el-Shad","Buch",2020-11-16
194,"Viola","Gonzalez Morales","Stifte",2020-11-04
77,"Jack","al-Samad","Geschwisterchen",2020-11-13
141,"Eva","Villagomez Hurtado","Puppe",2020-11-01
135,"Helen","Fischer","Auto",2020-11-04
187,"Nannie","Florez","Geschwisterchen",2020-11-29
127,"Hattie","Cannon","Puzzle",2020-11-06
12,"Harry","Wright","Puppe",2020-11-20
192,"Rebecca","Nguyen","Roller",2020-11-29
3,"James","Rodriguez","Buch",2020-11-17
154,"Agnes","Kilgannon","Buch",2020-11-14
99,"Jerry","Epps","Stifte",2020-11-24
164,"Sallie","Rice","Auto",2020-11-20
101,"Mary","Cone","Schokolade",2020-11-14
182,"Alma","Birnbaum","Roller",2020-11-25
177,"Lydia","Boyd","Haustier",2020-11-27
66,"Ira","Lattimer","Stifte",2020-11-10
92,"Alex","al-Elbaz","Haustier",2020-11-29
78,"Leonard","Loya","Stifte",2020-11-18
34,"Willie","Bills","Kuscheltier",2020-11-06
5,"George","Bassett","Roller",2020-11-25
142,"Frances","al-Sayed","Dinosaurier",2020-11-27
100,"Calvin","Bishop","Haustier",2020-11-21
75,"Floyd","Turcios Salgado","Ritterburg",2020-11-17
188,"Lottie","Hoang","Buch",2020-11-02
43,"Lee","Jurado","Haustier",2020-11-08
144,"Lucy","Descheny","Haustier",2020-11-08
96,"Sidney","el-Shakoor","Puppe",2020-11-29
29,"Oscar","Dearry","Stifte",2020-11-14
45,"Martin","Tixier","Kuscheltier",2020-11-07
19,"Louis","Johnson","Roller",2020-11-04
56,"Claude","Venegas","Haustier",2020-11-01
173,"Harriet","Pahlavan","Puzzle",2020-11-30
160,"Stella","Keupp","Puzzle",2020-11-08
137,"Louise","Bruce","Haustier",2020-11-19
21,"Charlie","Moala","Auto",2020-11-27
198,"Jane","el-Jalali","Stifte",2020-11-09
83,"Archie","Petters","Puzzle",2020-11-29
152,"Rosa","Esselman","Kuscheltier",2020-11-16
39,"Jacob","el-Dawood","Auto",2020-11-19
49,"Jim","Burkes Washington","Kuscheltier",2020-11-18
196,"Amelia","el-Alam","Schokolade",2020-11-08
128,"Edith","Holm","Kuscheltier",2020-11-15
84,"Stephen","Mack","Schokolade",2020-11-05
140,"Myrtle","James","Buch",2020-11-19
107,"Ida","Kitwana","Kuscheltier",2020-11-25
122,"Mabel","Bland","Buch",2020-11-08
53,"Eugene","el-Fahs","Dinosaurier",2020-11-29
48,"Herman","Lopez","Stifte",2020-11-05
46,"Michael","Wade","Buch",2020-11-03
28,"Jesse","Garcia","Puzzle",2020-11-06
193,"Ruth","al-Bacho","Roller",2020-11-09
113,"Ella","Harry","Roller",2020-11-11
47,"Bert","el-Badie","Stifte",2020-11-01
199,"Virginia","Cho","Geschwisterchen",2020-11-04
146,"Maggie","Montoya","Buch",2020-11-27
64,"Luther","al-Mohamed","Roller",2020-11-14
69,"Oliver","Acosta","Buch",2020-11-29
104,"Elizabeth","Landers","Haustier",2020-11-03
138,"Ethel","Harris","Ritterburg",2020-11-20
184,"Georgia","Fawaz","Buch",2020-11-20
178,"Elsie","Rinhart","Schokolade",2020-11-02
87,"Raymond","Jay","Schokolade",2020-11-16
143,"Lena","al-Kaiser","Haustier",2020-11-17
2,"William","Ross","Stifte",2020-11-03
120,"Carrie","Trujillo","Puzzle",2020-11-22
118,"Nellie","Gomez","Geschwisterchen",2020-11-30
174,"Sadie","Kryzanski","Ritterburg",2020-11-05
134,"Lillie","Pierce","Dinosaurier",2020-11-03
86,"Willis","Lakobong","Schokolade",2020-11-06
167,"Lizzie","el-Fadel","Ritterburg",2020-11-13
157,"May","el-Bacho","Kuscheltier",2020-11-07
161,"Ellen","al-Meskin","Ritterburg",2020-11-19
165,"Nettie","al-Dallal","Kuscheltier",2020-11-29
7,"Joseph","Ruff","Kuscheltier",2020-11-30
62,"Isaac","Dike","Schokolade",2020-11-30
133,"Ada","Stassen","Kuscheltier",2020-11-29
126,"Julia","Reeves","Stifte",2020-11-07
93,"Leo","al-Musa","Auto",2020-11-22
79,"Horace","Kitchens","Puppe",2020-11-22
139,"Lula","Parmiter","Haustier",2020-11-04
117,"Laura","Trujillo","Puzzle",2020-11-06
109,"Bertha","Williams","Puzzle",2020-11-01
121,"Maude","Vue","Ritterburg",2020-11-24
72,"Clyde","Endo","Roller",2020-12-10
71,"Hugh","Perez","Buch",2020-12-03
183,"Addie","el-Begum","Stifte",2020-12-03
15,"Fred","al-Din","Dinosaurier",2020-12-06
147,"Pearl","Gilliland","Puzzle",2020-12-03
74,"August","Capitelli","Haustier",2020-12-01
9,"Henry","Watson","Kuscheltier",2020-12-05
36,"Sam","el-Harroun","Stifte",2020-12-02
131,"Catherine","Yoh","Puppe",2020-12-07
123,"Bessie","Hubjer","Ritterburg",2020-12-08
8,"Thomas","el-Baig","Dinosaurier",2020-12-05
50,"Francis","Christian","Auto",2020-12-10
114,"Florence","Ashworth","Schokolade",2020-12-03
148,"Daisy","Crouse","Schokolade",2020-12-07
102,"Anna","Montoya","Haustier",2020-12-03
85,"Chester","Montoya","Schokolade",2020-12-08
115,"Cora","Stenhjem","Dinosaurier",2020-12-09
4,"Charles","James","Buch",2020-12-07
103,"Emma","Granados Garcia","Haustier",2020-12-01
145,"Edna","Miscles","Geschwisterchen",2020-12-07
91,"Milton","Warren","Roller",2020-12-07
22,"Clarence","el-Farooq","Auto",2020-12-02
59,"Charley","el-Abdoo","Stifte",2020-12-04
112,"Clara","Vesey","Puzzle",2020-12-05
57,"Edwin","Nguyen","Stifte",2020-12-08
170,"Maud","Edwards","Dinosaurier",2020-12-03
35,"Alfred","Byrd","Buch",2020-12-05
90,"Jessie","al-Adel","Buch",2020-12-08
26,"Ernest","Vega-Ferrales","Puzzle",2020-12-08
108,"Alice","al-Mohammad","Haustier",2020-12-03
89,"Warren","Porter","Buch",2020-12-02
44,"Howard","Raschke","Buch",2020-12-07
200,"Emily","Bauer","Buch",2020-12-07
37,"Roy","Gardner","Puzzle",2020-12-07
171,"Mae","al-Ramin","Roller",2020-12-06
40,"Tom","De Nobrega","Roller",2020-12-06
181,"Mollie","Wilson","Roller",2020-12-07
179,"Kate","Hemphill","Puppe",2020-12-10
13,"Walter","el-Rahman","Schokolade",2020-12-06
68,"Guy","Sung","Roller",2020-12-03
186,"Lulu","el-Satter","Haustier",2020-12-04
156,"Nora","Nguyen","Puppe",2020-12-07
18,"David","Newton","Dinosaurier",2020-12-05
151,"Dora","Frenzel","Stifte",2020-12-06
23,"Richard","al-Yassin","Dinosaurier",2020-12-06
159,"Blanche","Hayashida","Ritterburg",2020-12-03
166,"Della","Yamamoto","Ritterburg",2020-12-08
180,"Susan","Warner","Puppe",2020-12-04
38,"Herbert","Nunez","Dinosaurier",2020-12-06
58,"Ben","Maxson","Auto",2020-12-02
1,"John","Redbird",NA,2020-12-09
30,"Lewis","al-Sami",NA,2020-12-01
195,"Olive","Green","Puppe",2020-11-30
33,"Frederick","Coop","Dinosaurier",2020-11-20
